[OVERALL], RunTime(ms), 1725658
[OVERALL], Throughput(ops/sec), 17.38467297691663
[TOTAL_GCS_G1_Young_Generation], Count, 12
[TOTAL_GC_TIME_G1_Young_Generation], Time(ms), 95
[TOTAL_GC_TIME_%_G1_Young_Generation], Time(%), 0.005505146442690267
[TOTAL_GCS_G1_Old_Generation], Count, 0
[TOTAL_GC_TIME_G1_Old_Generation], Time(ms), 0
[TOTAL_GC_TIME_%_G1_Old_Generation], Time(%), 0.0
[TOTAL_GCs], Count, 12
[TOTAL_GC_TIME], Time(ms), 95
[TOTAL_GC_TIME_%], Time(%), 0.005505146442690267
[READ], Operations, 6060
[READ], AverageLatency(us), 56935.20462046205
[READ], MinLatency(us), 52261
[READ], MaxLatency(us), 299572
[READ], Return=OK, 6060
[READ], 0, 73600.05405405405
[READ], 10000, 58478.03125
[READ], 20000, 59604.89743589744
[READ], 30000, 58744.64864864865
[READ], 40000, 57895.38888888889
[READ], 50000, 61206.63333333333
[READ], 60000, 61588.529411764706
[READ], 70000, 57692.65714285714
[READ], 80000, 56425.0
[READ], 90000, 57449.54054054054
[READ], 100000, 57262.514285714286
[READ], 110000, 57153.53333333333
[READ], 120000, 57315.87804878049
[READ], 130000, 56735.76470588235
[READ], 140000, 57575.23529411765
[READ], 150000, 61197.53125
[READ], 160000, 57653.90243902439
[READ], 170000, 58533.666666666664
[READ], 180000, 58042.3870967742
[READ], 190000, 57843.125
[READ], 200000, 61328.59090909091
[READ], 210000, 56951.0
[READ], 220000, 56152.10526315789
[READ], 230000, 56326.63636363636
[READ], 240000, 57298.825
[READ], 250000, 57238.94871794872
[READ], 260000, 56817.485714285714
[READ], 270000, 58689.444444444445
[READ], 280000, 57970.4
[READ], 290000, 56805.98
[READ], 300000, 58648.69696969697
[READ], 310000, 56731.46153846154
[READ], 320000, 56634.875
[READ], 330000, 65444.53333333333
[READ], 340000, 64685.90909090909
[READ], 350000, 55563.757575757576
[READ], 360000, 60144.969696969696
[READ], 370000, 57394.28125
[READ], 380000, 62573.142857142855
[READ], 390000, 60509.22222222222
[READ], 400000, 55422.114285714284
[READ], 410000, 56623.93548387097
[READ], 420000, 56888.90909090909
[READ], 430000, 58936.8085106383
[READ], 440000, 56591.86363636364
[READ], 450000, 55757.86111111111
[READ], 460000, 56647.32352941176
[READ], 470000, 55196.818181818184
[READ], 480000, 55980.485714285714
[READ], 490000, 56346.8064516129
[READ], 500000, 55713.0
[READ], 510000, 55799.416666666664
[READ], 520000, 56347.875
[READ], 530000, 56059.8
[READ], 540000, 56510.566666666666
[READ], 550000, 56001.44827586207
[READ], 560000, 55957.260869565216
[READ], 570000, 56026.07142857143
[READ], 580000, 56472.29268292683
[READ], 590000, 56299.7027027027
[READ], 600000, 56575.51351351351
[READ], 610000, 55245.48717948718
[READ], 620000, 55156.769230769234
[READ], 630000, 56065.59459459459
[READ], 640000, 55850.0243902439
[READ], 650000, 55832.92592592593
[READ], 660000, 56104.25
[READ], 670000, 55967.64864864865
[READ], 680000, 57005.52173913043
[READ], 690000, 55621.34146341463
[READ], 700000, 55400.23684210526
[READ], 710000, 55735.71875
[READ], 720000, 56320.444444444445
[READ], 730000, 56393.62222222222
[READ], 740000, 55882.96551724138
[READ], 750000, 56131.77142857143
[READ], 760000, 55460.58823529412
[READ], 770000, 55058.44117647059
[READ], 780000, 57021.84375
[READ], 790000, 55492.12195121951
[READ], 800000, 64138.0
[READ], 810000, 56348.36111111111
[READ], 820000, 55796.75
[READ], 830000, 57076.34375
[READ], 840000, 56230.97142857143
[READ], 850000, 58470.13888888889
[READ], 860000, 56865.2962962963
[READ], 870000, 56097.8
[READ], 880000, 56803.5
[READ], 890000, 57482.78787878788
[READ], 900000, 57867.45714285714
[READ], 910000, 57245.170731707316
[READ], 920000, 57440.78378378379
[READ], 930000, 56100.36842105263
[READ], 940000, 55983.11627906977
[READ], 950000, 57690.0
[READ], 960000, 58062.97142857143
[READ], 970000, 56605.880952380954
[READ], 980000, 57852.875
[READ], 990000, 55798.620689655174
[READ], 1000000, 56640.3
[READ], 1010000, 56211.8
[READ], 1020000, 56442.87234042553
[READ], 1030000, 55778.64864864865
[READ], 1040000, 57748.757575757576
[READ], 1050000, 56535.76666666667
[READ], 1060000, 56008.28125
[READ], 1070000, 55696.6875
[READ], 1080000, 55140.93548387097
[READ], 1090000, 55940.68
[READ], 1100000, 56045.15151515151
[READ], 1110000, 59413.57142857143
[READ], 1120000, 55566.40740740741
[READ], 1130000, 57006.34375
[READ], 1140000, 57071.307692307695
[READ], 1150000, 56285.295454545456
[READ], 1160000, 57011.903225806454
[READ], 1170000, 55911.825
[READ], 1180000, 55350.42857142857
[READ], 1190000, 55264.57142857143
[READ], 1200000, 55475.38461538462
[READ], 1210000, 55847.15789473684
[READ], 1220000, 55678.13333333333
[READ], 1230000, 55661.73684210526
[READ], 1240000, 56062.454545454544
[READ], 1250000, 55628.54838709677
[READ], 1260000, 57011.256410256414
[READ], 1270000, 56194.675
[READ], 1280000, 56416.12903225807
[READ], 1290000, 56044.171428571426
[READ], 1300000, 55798.1724137931
[READ], 1310000, 55585.055555555555
[READ], 1320000, 56557.05405405405
[READ], 1330000, 55735.05714285714
[READ], 1340000, 55700.969696969696
[READ], 1350000, 56619.02777777778
[READ], 1360000, 55800.57894736842
[READ], 1370000, 55817.77272727273
[READ], 1380000, 56331.555555555555
[READ], 1390000, 55900.32352941176
[READ], 1400000, 55686.72222222222
[READ], 1410000, 56309.83870967742
[READ], 1420000, 56203.3023255814
[READ], 1430000, 56088.78048780488
[READ], 1440000, 55519.70731707317
[READ], 1450000, 55859.3125
[READ], 1460000, 58338.64102564102
[READ], 1470000, 55840.32432432433
[READ], 1480000, 54840.46666666667
[READ], 1490000, 58205.78571428572
[READ], 1500000, 56131.083333333336
[READ], 1510000, 56091.4
[READ], 1520000, 59076.71052631579
[READ], 1530000, 56425.15
[READ], 1540000, 55973.92682926829
[READ], 1550000, 56016.558139534885
[READ], 1560000, 56430.13157894737
[READ], 1570000, 55997.8
[READ], 1580000, 55472.634146341465
[READ], 1590000, 55843.55263157895
[READ], 1600000, 56342.73529411765
[READ], 1610000, 56215.392857142855
[READ], 1620000, 55854.395348837206
[READ], 1630000, 56764.8275862069
[READ], 1640000, 56372.04
[READ], 1650000, 57181.205882352944
[READ], 1660000, 55367.87096774193
[READ], 1670000, 56057.10344827586
[READ], 1680000, 58086.19047619047
[READ], 1690000, 55728.52777777778
[READ], 1700000, 57790.181818181816
[READ], 1710000, 56587.61363636364
[READ], 1720000, 54702.0
[CLEANUP], Operations, 1
[CLEANUP], AverageLatency(us), 83.0
[CLEANUP], MinLatency(us), 83
[CLEANUP], MaxLatency(us), 83
[CLEANUP], 0, 83.0
[UPDATE], Operations, 23940
[UPDATE], AverageLatency(us), 57584.91211361738
[UPDATE], MinLatency(us), 52345
[UPDATE], MaxLatency(us), 1659223
[UPDATE], Return=OK, 23940
[UPDATE], 0, 75609.625
[UPDATE], 10000, 60133.746268656716
[UPDATE], 20000, 59374.68992248062
[UPDATE], 30000, 59210.00751879699
[UPDATE], 40000, 58323.83211678832
[UPDATE], 50000, 62211.798449612405
[UPDATE], 60000, 60827.32575757576
[UPDATE], 70000, 57887.617647058825
[UPDATE], 80000, 58220.56617647059
[UPDATE], 90000, 57706.02222222222
[UPDATE], 100000, 57974.98529411765
[UPDATE], 110000, 57907.99295774648
[UPDATE], 120000, 56993.60294117647
[UPDATE], 130000, 58108.402877697845
[UPDATE], 140000, 58480.374100719426
[UPDATE], 150000, 59152.53731343283
[UPDATE], 160000, 58137.76515151515
[UPDATE], 170000, 57700.390410958906
[UPDATE], 180000, 57736.43661971831
[UPDATE], 190000, 58330.4296875
[UPDATE], 200000, 68943.40625
[UPDATE], 210000, 59571.20895522388
[UPDATE], 220000, 57646.880597014926
[UPDATE], 230000, 57392.105633802814
[UPDATE], 240000, 57739.58646616541
[UPDATE], 250000, 59610.78787878788
[UPDATE], 260000, 57263.97810218978
[UPDATE], 270000, 58277.75539568345
[UPDATE], 280000, 58833.143939393936
[UPDATE], 290000, 58520.56451612903
[UPDATE], 300000, 59233.81203007519
[UPDATE], 310000, 60976.56338028169
[UPDATE], 320000, 58049.40909090909
[UPDATE], 330000, 62957.584615384614
[UPDATE], 340000, 63919.60162601626
[UPDATE], 350000, 60986.1954887218
[UPDATE], 360000, 63402.43650793651
[UPDATE], 370000, 58607.06428571429
[UPDATE], 380000, 61558.454545454544
[UPDATE], 390000, 60639.90082644628
[UPDATE], 400000, 56564.42657342657
[UPDATE], 410000, 56437.972413793104
[UPDATE], 420000, 56504.78767123288
[UPDATE], 430000, 56997.031746031746
[UPDATE], 440000, 57432.42307692308
[UPDATE], 450000, 56728.40140845071
[UPDATE], 460000, 56238.92307692308
[UPDATE], 470000, 56794.006993006995
[UPDATE], 480000, 56695.05755395684
[UPDATE], 490000, 57133.793103448275
[UPDATE], 500000, 57274.65467625899
[UPDATE], 510000, 56462.014492753624
[UPDATE], 520000, 56649.700729927004
[UPDATE], 530000, 56537.34482758621
[UPDATE], 540000, 57340.72602739726
[UPDATE], 550000, 58550.2
[UPDATE], 560000, 56987.34351145038
[UPDATE], 570000, 56759.61744966443
[UPDATE], 580000, 57015.68148148148
[UPDATE], 590000, 56906.125
[UPDATE], 600000, 56086.594405594406
[UPDATE], 610000, 56937.637681159424
[UPDATE], 620000, 56349.99275362319
[UPDATE], 630000, 56726.619718309856
[UPDATE], 640000, 56281.532374100716
[UPDATE], 650000, 56053.45890410959
[UPDATE], 660000, 56635.95070422535
[UPDATE], 670000, 57609.539568345324
[UPDATE], 680000, 56534.79865771812
[UPDATE], 690000, 56298.930555555555
[UPDATE], 700000, 56641.43165467626
[UPDATE], 710000, 56599.3986013986
[UPDATE], 720000, 56143.76056338028
[UPDATE], 730000, 57216.49618320611
[UPDATE], 740000, 55926.08904109589
[UPDATE], 750000, 56356.7323943662
[UPDATE], 760000, 55763.29931972789
[UPDATE], 770000, 55617.13513513513
[UPDATE], 780000, 56733.98591549296
[UPDATE], 790000, 57314.388059701494
[UPDATE], 800000, 61412.11023622047
[UPDATE], 810000, 56516.51111111111
[UPDATE], 820000, 56628.206896551725
[UPDATE], 830000, 57140.859154929574
[UPDATE], 840000, 56240.716312056735
[UPDATE], 850000, 58863.83211678832
[UPDATE], 860000, 56929.56756756757
[UPDATE], 870000, 56862.67883211679
[UPDATE], 880000, 58971.256944444445
[UPDATE], 890000, 57580.4609929078
[UPDATE], 900000, 57825.73188405797
[UPDATE], 910000, 56525.606060606064
[UPDATE], 920000, 56617.65492957747
[UPDATE], 930000, 57350.50746268657
[UPDATE], 940000, 56771.035460992905
[UPDATE], 950000, 58670.251908396946
[UPDATE], 960000, 56877.94520547945
[UPDATE], 970000, 56458.96923076923
[UPDATE], 980000, 56512.350746268654
[UPDATE], 990000, 56690.22972972973
[UPDATE], 1000000, 57040.904411764706
[UPDATE], 1010000, 56848.44755244755
[UPDATE], 1020000, 57135.164179104475
[UPDATE], 1030000, 56840.03676470588
[UPDATE], 1040000, 56846.82638888889
[UPDATE], 1050000, 56031.12080536913
[UPDATE], 1060000, 56284.91724137931
[UPDATE], 1070000, 56795.8125
[UPDATE], 1080000, 56113.12925170068
[UPDATE], 1090000, 56444.2119205298
[UPDATE], 1100000, 57032.35862068966
[UPDATE], 1110000, 58649.125925925924
[UPDATE], 1120000, 56648.479452054795
[UPDATE], 1130000, 56553.56375838926
[UPDATE], 1140000, 57047.40410958904
[UPDATE], 1150000, 57323.44696969697
[UPDATE], 1160000, 57575.1875
[UPDATE], 1170000, 57018.562043795624
[UPDATE], 1180000, 56636.48936170213
[UPDATE], 1190000, 57625.5
[UPDATE], 1200000, 57105.514492753624
[UPDATE], 1210000, 56704.36956521739
[UPDATE], 1220000, 57783.564885496184
[UPDATE], 1230000, 56751.45714285714
[UPDATE], 1240000, 57132.99290780142
[UPDATE], 1250000, 57324.819444444445
[UPDATE], 1260000, 57955.514492753624
[UPDATE], 1270000, 56617.514925373136
[UPDATE], 1280000, 57228.83916083916
[UPDATE], 1290000, 56126.84827586207
[UPDATE], 1300000, 57100.602739726026
[UPDATE], 1310000, 56644.09285714286
[UPDATE], 1320000, 56627.716312056735
[UPDATE], 1330000, 56333.83687943262
[UPDATE], 1340000, 56738.45517241379
[UPDATE], 1350000, 56964.59574468085
[UPDATE], 1360000, 56643.35507246377
[UPDATE], 1370000, 58649.43243243243
[UPDATE], 1380000, 58225.78767123288
[UPDATE], 1390000, 56660.84137931035
[UPDATE], 1400000, 57385.8
[UPDATE], 1410000, 56717.744827586204
[UPDATE], 1420000, 56106.466165413534
[UPDATE], 1430000, 56343.34532374101
[UPDATE], 1440000, 56213.463768115944
[UPDATE], 1450000, 56721.944055944055
[UPDATE], 1460000, 57425.691729323305
[UPDATE], 1470000, 56256.07746478873
[UPDATE], 1480000, 56345.63265306123
[UPDATE], 1490000, 59171.15107913669
[UPDATE], 1500000, 61200.92537313433
[UPDATE], 1510000, 57323.73484848485
[UPDATE], 1520000, 58822.12686567164
[UPDATE], 1530000, 56503.52142857143
[UPDATE], 1540000, 56089.93382352941
[UPDATE], 1550000, 56298.681818181816
[UPDATE], 1560000, 57188.70212765958
[UPDATE], 1570000, 56466.305555555555
[UPDATE], 1580000, 55751.76978417266
[UPDATE], 1590000, 57300.37142857143
[UPDATE], 1600000, 56482.68309859155
[UPDATE], 1610000, 56439.74657534246
[UPDATE], 1620000, 56653.89705882353
[UPDATE], 1630000, 56703.17361111111
[UPDATE], 1640000, 57749.20394736842
[UPDATE], 1650000, 58829.2700729927
[UPDATE], 1660000, 56338.28378378379
[UPDATE], 1670000, 57064.38356164384
[UPDATE], 1680000, 57494.161073825504
[UPDATE], 1690000, 56585.92307692308
[UPDATE], 1700000, 57366.44055944056
[UPDATE], 1710000, 55969.45925925926
[UPDATE], 1720000, 55575.26190476191
