[OVERALL], RunTime(ms), 794420
[OVERALL], Throughput(ops/sec), 18.881699856499083
[TOTAL_GCS_G1_Young_Generation], Count, 16
[TOTAL_GC_TIME_G1_Young_Generation], Time(ms), 127
[TOTAL_GC_TIME_%_G1_Young_Generation], Time(%), 0.015986505878502554
[TOTAL_GCS_G1_Old_Generation], Count, 0
[TOTAL_GC_TIME_G1_Old_Generation], Time(ms), 0
[TOTAL_GC_TIME_%_G1_Old_Generation], Time(%), 0.0
[TOTAL_GCs], Count, 16
[TOTAL_GC_TIME], Time(ms), 127
[TOTAL_GC_TIME_%], Time(%), 0.015986505878502554
[READ], Operations, 7559
[READ], AverageLatency(us), 52707.494642148435
[READ], MinLatency(us), 48530
[READ], MaxLatency(us), 345423
[READ], Return=OK, 7559
[READ], 0, 63381.857142857145
[READ], 1000, 58649.75
[READ], 2000, 59847.9
[READ], 3000, 58655.642857142855
[READ], 4000, 56422.71428571428
[READ], 5000, 57462.0
[READ], 6000, 58079.9
[READ], 7000, 55919.5
[READ], 8000, 55206.7
[READ], 9000, 53944.25
[READ], 10000, 55155.0
[READ], 11000, 54552.25
[READ], 12000, 56315.666666666664
[READ], 13000, 63248.77777777778
[READ], 14000, 57307.71428571428
[READ], 15000, 56648.88888888889
[READ], 16000, 58307.083333333336
[READ], 17000, 52850.1
[READ], 18000, 55452.333333333336
[READ], 19000, 57566.4
[READ], 20000, 53802.375
[READ], 21000, 56580.22222222222
[READ], 22000, 53162.8
[READ], 23000, 52981.0
[READ], 24000, 53596.166666666664
[READ], 25000, 51872.375
[READ], 26000, 52448.4
[READ], 27000, 51623.72727272727
[READ], 28000, 71620.18181818182
[READ], 29000, 52762.25
[READ], 30000, 52972.27272727273
[READ], 31000, 53233.0
[READ], 32000, 52929.875
[READ], 33000, 52373.1
[READ], 34000, 52116.666666666664
[READ], 35000, 52963.7
[READ], 36000, 55889.454545454544
[READ], 37000, 53852.916666666664
[READ], 38000, 54479.545454545456
[READ], 39000, 54375.142857142855
[READ], 40000, 54207.4
[READ], 41000, 51693.3
[READ], 42000, 52073.818181818184
[READ], 43000, 63122.3
[READ], 44000, 52114.545454545456
[READ], 45000, 51516.454545454544
[READ], 46000, 52947.53846153846
[READ], 47000, 52239.57142857143
[READ], 48000, 51882.833333333336
[READ], 49000, 53707.666666666664
[READ], 50000, 51866.0
[READ], 51000, 52828.0
[READ], 52000, 53946.71428571428
[READ], 53000, 52446.71428571428
[READ], 54000, 51744.27272727273
[READ], 55000, 52711.625
[READ], 56000, 54014.666666666664
[READ], 57000, 54218.9
[READ], 58000, 52905.0
[READ], 59000, 53914.63636363636
[READ], 60000, 53863.8
[READ], 61000, 52428.5
[READ], 62000, 51630.666666666664
[READ], 63000, 52446.0
[READ], 64000, 51608.625
[READ], 65000, 51963.28571428572
[READ], 66000, 51633.5
[READ], 67000, 51465.4
[READ], 68000, 51683.9
[READ], 69000, 54316.0
[READ], 70000, 52848.5
[READ], 71000, 54611.42857142857
[READ], 72000, 51745.454545454544
[READ], 73000, 60007.28571428572
[READ], 74000, 51891.5
[READ], 75000, 52720.125
[READ], 76000, 55459.75
[READ], 77000, 54183.71428571428
[READ], 78000, 51866.666666666664
[READ], 79000, 52213.72727272727
[READ], 80000, 54296.5
[READ], 81000, 53341.0
[READ], 82000, 54359.2
[READ], 83000, 51677.5
[READ], 84000, 52976.25
[READ], 85000, 52411.166666666664
[READ], 86000, 55730.6
[READ], 87000, 52147.181818181816
[READ], 88000, 54541.11111111111
[READ], 89000, 51478.2
[READ], 90000, 50830.77777777778
[READ], 91000, 50861.28571428572
[READ], 92000, 51807.545454545456
[READ], 93000, 52806.555555555555
[READ], 94000, 52223.0
[READ], 95000, 51049.63636363636
[READ], 96000, 54783.0
[READ], 97000, 52151.75
[READ], 98000, 50702.57142857143
[READ], 99000, 53056.25
[READ], 100000, 53336.4
[READ], 101000, 51592.75
[READ], 102000, 50807.28571428572
[READ], 103000, 51213.375
[READ], 104000, 66533.83333333333
[READ], 105000, 54316.666666666664
[READ], 106000, 51215.25
[READ], 107000, 51533.7
[READ], 108000, 51561.125
[READ], 109000, 50877.5
[READ], 110000, 51131.083333333336
[READ], 111000, 52744.78571428572
[READ], 112000, 51563.57142857143
[READ], 113000, 51226.7
[READ], 114000, 54406.5
[READ], 115000, 50937.61538461538
[READ], 116000, 51440.9
[READ], 117000, 51401.78571428572
[READ], 118000, 50594.545454545456
[READ], 119000, 51089.36363636364
[READ], 120000, 51638.36363636364
[READ], 121000, 56449.77777777778
[READ], 122000, 52673.666666666664
[READ], 123000, 56705.9
[READ], 124000, 53110.5
[READ], 125000, 51107.09090909091
[READ], 126000, 51866.27272727273
[READ], 127000, 50507.5
[READ], 128000, 56574.875
[READ], 129000, 51567.3
[READ], 130000, 51360.75
[READ], 131000, 53204.92307692308
[READ], 132000, 52703.0
[READ], 133000, 52343.22222222222
[READ], 134000, 51448.63636363636
[READ], 135000, 51029.833333333336
[READ], 136000, 52114.90909090909
[READ], 137000, 50968.875
[READ], 138000, 52755.75
[READ], 139000, 50995.333333333336
[READ], 140000, 52900.142857142855
[READ], 141000, 58538.125
[READ], 142000, 52327.6
[READ], 143000, 50806.36363636364
[READ], 144000, 51336.25
[READ], 145000, 52158.72727272727
[READ], 146000, 53049.0
[READ], 147000, 50967.125
[READ], 148000, 52281.9
[READ], 149000, 54522.857142857145
[READ], 150000, 52668.75
[READ], 151000, 52502.583333333336
[READ], 152000, 65885.0
[READ], 153000, 53410.09090909091
[READ], 154000, 51882.0
[READ], 155000, 50756.818181818184
[READ], 156000, 51148.583333333336
[READ], 157000, 51083.11111111111
[READ], 158000, 50577.875
[READ], 159000, 50851.92307692308
[READ], 160000, 51470.833333333336
[READ], 161000, 50641.4
[READ], 162000, 50932.77777777778
[READ], 163000, 51336.357142857145
[READ], 164000, 51383.72727272727
[READ], 165000, 55153.833333333336
[READ], 166000, 50854.0
[READ], 167000, 51329.7
[READ], 168000, 50733.92307692308
[READ], 169000, 56487.7
[READ], 170000, 52934.333333333336
[READ], 171000, 52227.125
[READ], 172000, 53458.846153846156
[READ], 173000, 52218.0
[READ], 174000, 52382.375
[READ], 175000, 52314.375
[READ], 176000, 51707.142857142855
[READ], 177000, 50478.61538461538
[READ], 178000, 51002.28571428572
[READ], 179000, 51689.77777777778
[READ], 180000, 51551.77777777778
[READ], 181000, 51550.166666666664
[READ], 182000, 50923.142857142855
[READ], 183000, 54682.36363636364
[READ], 184000, 50539.0
[READ], 185000, 52933.42857142857
[READ], 186000, 50607.857142857145
[READ], 187000, 55642.083333333336
[READ], 188000, 51059.0
[READ], 189000, 52290.444444444445
[READ], 190000, 51910.0
[READ], 191000, 50781.2
[READ], 192000, 51046.09090909091
[READ], 193000, 50597.71428571428
[READ], 194000, 52193.36363636364
[READ], 195000, 51865.63636363636
[READ], 196000, 54264.375
[READ], 197000, 53767.1
[READ], 198000, 51750.125
[READ], 199000, 51926.125
[READ], 200000, 50911.88888888889
[READ], 201000, 52078.5
[READ], 202000, 52697.78571428572
[READ], 203000, 58749.0
[READ], 204000, 51125.36363636364
[READ], 205000, 50565.63636363636
[READ], 206000, 52921.0
[READ], 207000, 52305.333333333336
[READ], 208000, 51621.0
[READ], 209000, 51208.0
[READ], 210000, 53991.545454545456
[READ], 211000, 52955.3
[READ], 212000, 52107.11111111111
[READ], 213000, 50984.25
[READ], 214000, 51521.63636363636
[READ], 215000, 50719.833333333336
[READ], 216000, 50726.75
[READ], 217000, 50897.27272727273
[READ], 218000, 52022.666666666664
[READ], 219000, 51581.3
[READ], 220000, 51592.5
[READ], 221000, 51766.5
[READ], 222000, 52699.27272727273
[READ], 223000, 53616.90909090909
[READ], 224000, 52268.416666666664
[READ], 225000, 51697.5
[READ], 226000, 61485.0
[READ], 227000, 52176.11111111111
[READ], 228000, 52065.42857142857
[READ], 229000, 55333.555555555555
[READ], 230000, 54904.3
[READ], 231000, 50842.71428571428
[READ], 232000, 50921.625
[READ], 233000, 50920.88888888889
[READ], 234000, 50802.857142857145
[READ], 235000, 51334.8
[READ], 236000, 55012.333333333336
[READ], 237000, 51153.875
[READ], 238000, 51364.818181818184
[READ], 239000, 54090.375
[READ], 240000, 54781.625
[READ], 241000, 51135.5
[READ], 242000, 51858.0
[READ], 243000, 52171.90909090909
[READ], 244000, 50766.5
[READ], 245000, 51131.857142857145
[READ], 246000, 50356.0
[READ], 247000, 50760.625
[READ], 248000, 50645.42857142857
[READ], 249000, 51992.230769230766
[READ], 250000, 51400.583333333336
[READ], 251000, 51144.90909090909
[READ], 252000, 51267.22222222222
[READ], 253000, 51149.75
[READ], 254000, 52760.333333333336
[READ], 255000, 60363.0
[READ], 256000, 53399.0
[READ], 257000, 52768.555555555555
[READ], 258000, 52277.42857142857
[READ], 259000, 55180.72727272727
[READ], 260000, 52669.25
[READ], 261000, 54841.4
[READ], 262000, 52953.7
[READ], 263000, 51792.333333333336
[READ], 264000, 55080.63636363636
[READ], 265000, 52443.4
[READ], 266000, 52514.6
[READ], 267000, 50674.4
[READ], 268000, 50776.27272727273
[READ], 269000, 50376.8
[READ], 270000, 51811.22222222222
[READ], 271000, 53009.53846153846
[READ], 272000, 50890.125
[READ], 273000, 50899.375
[READ], 274000, 51156.25
[READ], 275000, 51210.666666666664
[READ], 276000, 51597.7
[READ], 277000, 50589.0
[READ], 278000, 52564.857142857145
[READ], 279000, 51300.818181818184
[READ], 280000, 50443.0
[READ], 281000, 52999.416666666664
[READ], 282000, 50910.88888888889
[READ], 283000, 54076.333333333336
[READ], 284000, 51496.0
[READ], 285000, 53018.77777777778
[READ], 286000, 51814.5
[READ], 287000, 64678.11111111111
[READ], 288000, 51701.42857142857
[READ], 289000, 54729.333333333336
[READ], 290000, 55619.1
[READ], 291000, 51965.666666666664
[READ], 292000, 51532.57142857143
[READ], 293000, 52461.454545454544
[READ], 294000, 51147.4
[READ], 295000, 51560.1
[READ], 296000, 50795.333333333336
[READ], 297000, 51884.75
[READ], 298000, 50745.857142857145
[READ], 299000, 55856.90909090909
[READ], 300000, 50221.5
[READ], 301000, 51968.916666666664
[READ], 302000, 51050.416666666664
[READ], 303000, 50837.333333333336
[READ], 304000, 51884.5
[READ], 305000, 50922.71428571428
[READ], 306000, 51675.5
[READ], 307000, 50544.11111111111
[READ], 308000, 50992.166666666664
[READ], 309000, 51449.125
[READ], 310000, 54550.11111111111
[READ], 311000, 52049.75
[READ], 312000, 67242.75
[READ], 313000, 55556.166666666664
[READ], 314000, 52240.57142857143
[READ], 315000, 51188.666666666664
[READ], 316000, 54259.25
[READ], 317000, 51571.666666666664
[READ], 318000, 51771.857142857145
[READ], 319000, 51855.57142857143
[READ], 320000, 51151.666666666664
[READ], 321000, 50603.28571428572
[READ], 322000, 52234.444444444445
[READ], 323000, 50782.77777777778
[READ], 324000, 51224.72727272727
[READ], 325000, 50958.63636363636
[READ], 326000, 51118.142857142855
[READ], 327000, 51481.375
[READ], 328000, 51275.142857142855
[READ], 329000, 51532.09090909091
[READ], 330000, 50889.3
[READ], 331000, 56461.9
[READ], 332000, 50660.818181818184
[READ], 333000, 52884.875
[READ], 334000, 50961.666666666664
[READ], 335000, 50724.818181818184
[READ], 336000, 51725.22222222222
[READ], 337000, 51358.875
[READ], 338000, 50709.25
[READ], 340000, 53735.0
[READ], 341000, 52325.25
[READ], 342000, 51081.846153846156
[READ], 343000, 51017.666666666664
[READ], 344000, 50470.125
[READ], 345000, 51917.2
[READ], 346000, 53156.5
[READ], 347000, 49838.0
[READ], 348000, 61922.25
[READ], 349000, 50646.0
[READ], 350000, 59870.625
[READ], 351000, 54779.75
[READ], 352000, 52894.0
[READ], 353000, 50354.77777777778
[READ], 354000, 52399.0
[READ], 355000, 51077.36363636364
[READ], 356000, 51276.666666666664
[READ], 357000, 51165.692307692305
[READ], 358000, 51241.75
[READ], 359000, 51145.09090909091
[READ], 360000, 51781.0
[READ], 361000, 51914.0
[READ], 362000, 51052.0
[READ], 363000, 51111.7
[READ], 364000, 52852.2
[READ], 365000, 50866.22222222222
[READ], 366000, 51257.5
[READ], 367000, 52928.857142857145
[READ], 368000, 50664.88888888889
[READ], 369000, 54027.57142857143
[READ], 370000, 50717.153846153844
[READ], 371000, 52197.75
[READ], 372000, 53260.333333333336
[READ], 373000, 55400.0
[READ], 374000, 51360.88888888889
[READ], 375000, 51417.0
[READ], 376000, 102764.83333333333
[READ], 377000, 71475.75
[READ], 378000, 79296.71428571429
[READ], 379000, 57150.75
[READ], 380000, 51941.26666666667
[READ], 381000, 50495.3
[READ], 382000, 51306.666666666664
[READ], 383000, 50851.11111111111
[READ], 384000, 51592.71428571428
[READ], 385000, 50963.8
[READ], 386000, 51041.583333333336
[READ], 387000, 53050.666666666664
[READ], 388000, 51235.8
[READ], 389000, 51120.57142857143
[READ], 390000, 50386.88888888889
[READ], 391000, 50972.818181818184
[READ], 392000, 52035.8
[READ], 393000, 54064.0
[READ], 394000, 51549.125
[READ], 395000, 51185.25
[READ], 396000, 52215.125
[READ], 397000, 51742.0
[READ], 398000, 50718.818181818184
[READ], 399000, 50902.142857142855
[READ], 400000, 50461.6
[READ], 401000, 51537.42857142857
[READ], 402000, 50620.0
[READ], 403000, 54301.25
[READ], 404000, 58418.444444444445
[READ], 405000, 52601.0
[READ], 406000, 54916.9
[READ], 407000, 50966.166666666664
[READ], 408000, 51057.90909090909
[READ], 409000, 58743.71428571428
[READ], 410000, 52190.153846153844
[READ], 411000, 51283.2
[READ], 412000, 51755.5
[READ], 413000, 55754.63636363636
[READ], 414000, 61217.11111111111
[READ], 415000, 52379.25
[READ], 416000, 50774.0
[READ], 417000, 50813.444444444445
[READ], 418000, 54990.75
[READ], 419000, 52292.42857142857
[READ], 420000, 52478.92307692308
[READ], 421000, 51016.0
[READ], 422000, 52527.11111111111
[READ], 423000, 52314.13333333333
[READ], 424000, 50344.0
[READ], 425000, 53556.0
[READ], 426000, 50927.9
[READ], 427000, 51296.22222222222
[READ], 428000, 53294.0
[READ], 429000, 57199.11111111111
[READ], 430000, 54267.1
[READ], 431000, 52001.63636363636
[READ], 432000, 51699.72727272727
[READ], 433000, 51726.0
[READ], 434000, 52700.07142857143
[READ], 435000, 51678.3
[READ], 436000, 51742.0
[READ], 437000, 56601.5
[READ], 438000, 53459.7
[READ], 439000, 51563.88888888889
[READ], 440000, 57468.8
[READ], 441000, 54507.444444444445
[READ], 442000, 50897.25
[READ], 443000, 52004.25
[READ], 444000, 51584.375
[READ], 445000, 52001.8
[READ], 446000, 52475.27272727273
[READ], 447000, 51554.42857142857
[READ], 448000, 50753.42857142857
[READ], 449000, 51220.1
[READ], 450000, 52260.7
[READ], 451000, 52165.666666666664
[READ], 452000, 52807.8
[READ], 453000, 51793.28571428572
[READ], 454000, 55698.875
[READ], 455000, 56709.1
[READ], 456000, 54226.333333333336
[READ], 457000, 51145.818181818184
[READ], 458000, 51082.42857142857
[READ], 459000, 53618.0
[READ], 460000, 60796.57142857143
[READ], 461000, 50697.1
[READ], 462000, 52278.11111111111
[READ], 463000, 54395.09090909091
[READ], 464000, 51128.6
[READ], 465000, 62462.181818181816
[READ], 466000, 54212.72727272727
[READ], 467000, 52088.9
[READ], 468000, 52113.6
[READ], 469000, 51756.28571428572
[READ], 470000, 92487.16666666667
[READ], 471000, 50881.333333333336
[READ], 472000, 51180.545454545456
[READ], 473000, 53564.0
[READ], 474000, 50904.0
[READ], 475000, 56277.0
[READ], 476000, 56054.28571428572
[READ], 477000, 50985.125
[READ], 478000, 51063.933333333334
[READ], 479000, 52025.7
[READ], 480000, 51301.0
[READ], 481000, 53238.75
[READ], 482000, 51387.11111111111
[READ], 483000, 62230.166666666664
[READ], 484000, 52546.0
[READ], 485000, 50770.181818181816
[READ], 486000, 53749.2
[READ], 487000, 52681.555555555555
[READ], 488000, 50734.818181818184
[READ], 489000, 50842.375
[READ], 490000, 52691.375
[READ], 491000, 50938.8
[READ], 492000, 51989.38461538462
[READ], 493000, 50362.375
[READ], 494000, 51335.22222222222
[READ], 495000, 52080.25
[READ], 496000, 50671.0
[READ], 497000, 54243.22222222222
[READ], 498000, 51374.09090909091
[READ], 499000, 51080.3
[READ], 500000, 51055.125
[READ], 501000, 51501.666666666664
[READ], 502000, 52075.307692307695
[READ], 503000, 55051.4
[READ], 504000, 51454.0
[READ], 505000, 51509.5
[READ], 506000, 52055.142857142855
[READ], 507000, 51102.57142857143
[READ], 508000, 54373.833333333336
[READ], 509000, 50721.083333333336
[READ], 510000, 51721.77777777778
[READ], 511000, 50952.42857142857
[READ], 512000, 50941.833333333336
[READ], 513000, 54201.25
[READ], 514000, 51530.0
[READ], 515000, 51048.0
[READ], 516000, 51939.71428571428
[READ], 517000, 50843.2
[READ], 518000, 53483.27272727273
[READ], 519000, 51515.8
[READ], 520000, 50792.75
[READ], 521000, 53738.666666666664
[READ], 522000, 50813.0
[READ], 523000, 50838.57142857143
[READ], 524000, 52317.666666666664
[READ], 525000, 53202.846153846156
[READ], 526000, 51998.692307692305
[READ], 527000, 53993.90909090909
[READ], 528000, 51621.5
[READ], 529000, 51104.11111111111
[READ], 530000, 51319.77777777778
[READ], 531000, 52234.5
[READ], 532000, 53747.90909090909
[READ], 533000, 52514.22222222222
[READ], 534000, 53909.625
[READ], 535000, 51069.1
[READ], 536000, 51372.42857142857
[READ], 537000, 51009.5
[READ], 538000, 50784.11111111111
[READ], 539000, 50582.88888888889
[READ], 540000, 50817.375
[READ], 541000, 50266.875
[READ], 542000, 56949.0
[READ], 543000, 52929.22222222222
[READ], 544000, 51604.38461538462
[READ], 545000, 51258.230769230766
[READ], 546000, 52209.818181818184
[READ], 547000, 50621.666666666664
[READ], 548000, 50987.6
[READ], 549000, 51482.875
[READ], 550000, 51136.22222222222
[READ], 551000, 57978.625
[READ], 552000, 51424.0
[READ], 553000, 57278.0
[READ], 554000, 51051.444444444445
[READ], 555000, 51203.7
[READ], 556000, 52099.692307692305
[READ], 557000, 51298.333333333336
[READ], 558000, 52937.71428571428
[READ], 559000, 51115.666666666664
[READ], 560000, 50970.7
[READ], 561000, 51233.125
[READ], 562000, 54949.25
[READ], 563000, 52416.72727272727
[READ], 564000, 51146.166666666664
[READ], 565000, 52156.07692307692
[READ], 566000, 50763.555555555555
[READ], 567000, 50677.5
[READ], 568000, 51369.583333333336
[READ], 569000, 52473.454545454544
[READ], 570000, 51749.9
[READ], 571000, 50979.09090909091
[READ], 572000, 51130.666666666664
[READ], 573000, 51292.21428571428
[READ], 574000, 51519.72727272727
[READ], 575000, 52413.3
[READ], 576000, 51303.3
[READ], 577000, 52264.2
[READ], 578000, 51484.57142857143
[READ], 579000, 51616.5
[READ], 580000, 51353.6
[READ], 581000, 52860.88888888889
[READ], 582000, 52091.2
[READ], 583000, 51758.4
[READ], 584000, 51650.25
[READ], 585000, 52173.3
[READ], 586000, 51006.25
[READ], 587000, 50713.88888888889
[READ], 588000, 51186.818181818184
[READ], 589000, 59417.09090909091
[READ], 590000, 51520.454545454544
[READ], 591000, 51357.77777777778
[READ], 592000, 79066.42857142857
[READ], 593000, 50879.0
[READ], 594000, 51223.0
[READ], 595000, 51372.875
[READ], 596000, 53799.0
[READ], 597000, 51750.2
[READ], 598000, 51738.3
[READ], 599000, 77071.16666666667
[READ], 600000, 79402.0
[READ], 601000, 77312.5
[READ], 602000, 81723.85714285714
[READ], 603000, 80063.0
[READ], 604000, 63795.0
[READ], 605000, 50995.22222222222
[READ], 606000, 50777.22222222222
[READ], 607000, 50849.2
[READ], 608000, 51396.2
[READ], 609000, 51882.916666666664
[READ], 610000, 50839.25
[READ], 611000, 77405.57142857143
[READ], 612000, 53196.92307692308
[READ], 613000, 52146.77777777778
[READ], 614000, 51789.857142857145
[READ], 615000, 52574.875
[READ], 616000, 53458.0
[READ], 617000, 53926.0
[READ], 618000, 51926.73333333333
[READ], 619000, 51072.46153846154
[READ], 620000, 50680.42857142857
[READ], 621000, 51032.125
[READ], 622000, 51132.8
[READ], 623000, 51169.454545454544
[READ], 624000, 50796.22222222222
[READ], 625000, 52149.8
[READ], 626000, 50187.75
[READ], 627000, 50738.6
[READ], 628000, 51681.92307692308
[READ], 629000, 50658.77777777778
[READ], 630000, 51029.90909090909
[READ], 631000, 52037.36363636364
[READ], 632000, 50707.0
[READ], 633000, 51133.454545454544
[READ], 634000, 51546.857142857145
[READ], 635000, 53226.5
[READ], 636000, 50391.28571428572
[READ], 637000, 50916.6
[READ], 638000, 50409.454545454544
[READ], 639000, 50307.5
[READ], 640000, 50622.25
[READ], 641000, 50618.72727272727
[READ], 642000, 51710.9
[READ], 643000, 50768.7
[READ], 644000, 56330.25
[READ], 645000, 51477.5
[READ], 646000, 52296.153846153844
[READ], 647000, 54261.72727272727
[READ], 648000, 51639.72727272727
[READ], 649000, 52119.0
[READ], 650000, 51405.181818181816
[READ], 651000, 52193.416666666664
[READ], 652000, 54593.7
[READ], 653000, 67692.09090909091
[READ], 654000, 51983.7
[READ], 655000, 53922.4
[READ], 656000, 54324.142857142855
[READ], 657000, 55398.8
[READ], 658000, 52751.72727272727
[READ], 659000, 55119.083333333336
[READ], 660000, 53326.63636363636
[READ], 661000, 52123.666666666664
[READ], 662000, 52858.875
[READ], 663000, 51917.1
[READ], 664000, 52715.75
[READ], 665000, 54856.0
[READ], 666000, 51065.11111111111
[READ], 667000, 50412.71428571428
[READ], 668000, 51377.88888888889
[READ], 669000, 52280.818181818184
[READ], 670000, 54825.818181818184
[READ], 671000, 51876.46153846154
[READ], 672000, 51283.0
[READ], 673000, 50631.22222222222
[READ], 674000, 51455.42857142857
[READ], 675000, 50694.07692307692
[READ], 676000, 51289.63636363636
[READ], 677000, 51219.6
[READ], 678000, 50301.625
[READ], 679000, 51022.90909090909
[READ], 680000, 51122.0
[READ], 681000, 53483.666666666664
[READ], 682000, 51337.0
[READ], 683000, 50514.5
[READ], 684000, 50537.2
[READ], 685000, 52539.444444444445
[READ], 686000, 51380.28571428572
[READ], 687000, 50835.8
[READ], 688000, 51020.2
[READ], 689000, 52307.454545454544
[READ], 690000, 52648.555555555555
[READ], 691000, 50651.0
[READ], 692000, 51840.1
[READ], 693000, 51294.916666666664
[READ], 694000, 50298.09090909091
[READ], 695000, 51245.625
[READ], 696000, 50935.2
[READ], 697000, 50877.90909090909
[READ], 698000, 50697.5
[READ], 699000, 51171.92307692308
[READ], 700000, 51306.0
[READ], 701000, 50474.75
[READ], 702000, 50828.0
[READ], 703000, 50861.454545454544
[READ], 704000, 51952.77777777778
[READ], 705000, 50137.7
[READ], 706000, 50903.75
[READ], 707000, 51928.666666666664
[READ], 708000, 51014.22222222222
[READ], 709000, 51872.6
[READ], 710000, 60142.88888888889
[READ], 711000, 54232.7
[READ], 712000, 50643.444444444445
[READ], 713000, 56881.11111111111
[READ], 714000, 50338.5
[READ], 715000, 50859.88888888889
[READ], 716000, 50196.166666666664
[READ], 717000, 50183.666666666664
[READ], 718000, 52094.444444444445
[READ], 719000, 49991.444444444445
[READ], 720000, 51083.583333333336
[READ], 721000, 51387.818181818184
[READ], 722000, 50491.583333333336
[READ], 723000, 52501.083333333336
[READ], 724000, 50675.307692307695
[READ], 725000, 50418.583333333336
[READ], 726000, 51727.0
[READ], 727000, 51827.142857142855
[READ], 728000, 51208.846153846156
[READ], 729000, 52038.75
[READ], 730000, 50605.28571428572
[READ], 731000, 51464.3
[READ], 732000, 51096.11111111111
[READ], 733000, 54508.6
[READ], 734000, 51056.75
[READ], 735000, 51473.22222222222
[READ], 736000, 50484.3
[READ], 737000, 50678.0
[READ], 738000, 51886.166666666664
[READ], 739000, 51626.375
[READ], 740000, 55027.5
[READ], 741000, 55482.333333333336
[READ], 742000, 50284.5
[READ], 743000, 52439.42857142857
[READ], 744000, 50525.75
[READ], 745000, 50422.09090909091
[READ], 746000, 51035.0
[READ], 747000, 51991.8
[READ], 748000, 52416.4
[READ], 749000, 51175.88888888889
[READ], 750000, 51058.230769230766
[READ], 751000, 50438.375
[READ], 752000, 51066.75
[READ], 753000, 51368.333333333336
[READ], 754000, 50921.46153846154
[READ], 755000, 51483.3
[READ], 756000, 51788.46153846154
[READ], 757000, 53758.875
[READ], 758000, 53829.818181818184
[READ], 759000, 50098.90909090909
[READ], 760000, 50481.666666666664
[READ], 761000, 51097.083333333336
[READ], 762000, 50877.57142857143
[READ], 763000, 52150.0
[READ], 764000, 52086.083333333336
[READ], 765000, 50440.416666666664
[READ], 766000, 51647.25
[READ], 767000, 50705.9
[READ], 768000, 51094.5
[READ], 769000, 50974.9
[READ], 770000, 50840.11111111111
[READ], 771000, 51351.181818181816
[READ], 772000, 52939.75
[READ], 773000, 53797.9
[READ], 774000, 72855.66666666667
[READ], 775000, 51356.36363636364
[READ], 776000, 52003.3
[READ], 777000, 51150.78571428572
[READ], 778000, 69169.22222222222
[READ], 779000, 50965.4
[READ], 780000, 51705.5
[READ], 781000, 51967.77777777778
[READ], 782000, 50931.07692307692
[READ], 783000, 50707.75
[READ], 784000, 52045.63636363636
[READ], 785000, 51013.77777777778
[READ], 786000, 50337.833333333336
[READ], 787000, 51303.90909090909
[READ], 788000, 50496.6
[READ], 789000, 51324.545454545456
[READ], 790000, 50831.8
[READ], 791000, 51405.083333333336
[READ], 792000, 50641.857142857145
[CLEANUP], Operations, 1
[CLEANUP], AverageLatency(us), 3.0
[CLEANUP], MinLatency(us), 3
[CLEANUP], MaxLatency(us), 3
[CLEANUP], 0, 3.0
[UPDATE], Operations, 7441
[UPDATE], AverageLatency(us), 53079.6238408816
[UPDATE], MinLatency(us), 49123
[UPDATE], MaxLatency(us), 838157
[UPDATE], Return=OK, 7441
[UPDATE], 0, 125706.58333333333
[UPDATE], 1000, 63046.166666666664
[UPDATE], 2000, 58834.22222222222
[UPDATE], 3000, 55658.5
[UPDATE], 4000, 56755.333333333336
[UPDATE], 5000, 59354.28571428572
[UPDATE], 6000, 53881.88888888889
[UPDATE], 7000, 55019.454545454544
[UPDATE], 8000, 54575.3
[UPDATE], 9000, 56520.77777777778
[UPDATE], 10000, 54668.555555555555
[UPDATE], 11000, 53853.444444444445
[UPDATE], 12000, 57239.75
[UPDATE], 13000, 56735.22222222222
[UPDATE], 14000, 54051.916666666664
[UPDATE], 15000, 53427.0
[UPDATE], 16000, 53899.2
[UPDATE], 17000, 58842.75
[UPDATE], 18000, 55527.75
[UPDATE], 19000, 58598.28571428572
[UPDATE], 20000, 55940.22222222222
[UPDATE], 21000, 57617.545454545456
[UPDATE], 22000, 53860.0
[UPDATE], 23000, 54803.333333333336
[UPDATE], 24000, 53102.625
[UPDATE], 25000, 53560.1
[UPDATE], 26000, 53796.166666666664
[UPDATE], 27000, 51234.0
[UPDATE], 28000, 50936.75
[UPDATE], 29000, 52386.2
[UPDATE], 30000, 52971.88888888889
[UPDATE], 31000, 53108.083333333336
[UPDATE], 32000, 56884.555555555555
[UPDATE], 33000, 52551.11111111111
[UPDATE], 34000, 53268.75
[UPDATE], 35000, 54136.42857142857
[UPDATE], 36000, 53876.625
[UPDATE], 37000, 53379.71428571428
[UPDATE], 38000, 56729.166666666664
[UPDATE], 39000, 55791.6
[UPDATE], 40000, 53200.555555555555
[UPDATE], 41000, 52710.0
[UPDATE], 42000, 52588.444444444445
[UPDATE], 43000, 52429.333333333336
[UPDATE], 44000, 53055.125
[UPDATE], 45000, 52602.666666666664
[UPDATE], 46000, 53384.0
[UPDATE], 47000, 52471.166666666664
[UPDATE], 48000, 52770.71428571428
[UPDATE], 49000, 52615.846153846156
[UPDATE], 50000, 53050.6
[UPDATE], 51000, 52301.375
[UPDATE], 52000, 53410.1
[UPDATE], 53000, 53274.5
[UPDATE], 54000, 52272.77777777778
[UPDATE], 55000, 52940.454545454544
[UPDATE], 56000, 53811.166666666664
[UPDATE], 57000, 52203.333333333336
[UPDATE], 58000, 52109.0
[UPDATE], 59000, 52693.71428571428
[UPDATE], 60000, 54498.88888888889
[UPDATE], 61000, 52992.88888888889
[UPDATE], 62000, 52066.90909090909
[UPDATE], 63000, 52035.75
[UPDATE], 64000, 51433.545454545456
[UPDATE], 65000, 52586.5
[UPDATE], 66000, 52975.25
[UPDATE], 67000, 53285.0
[UPDATE], 68000, 52512.8
[UPDATE], 69000, 52381.125
[UPDATE], 70000, 56339.0
[UPDATE], 71000, 55133.692307692305
[UPDATE], 72000, 52559.75
[UPDATE], 73000, 52655.0
[UPDATE], 74000, 73514.0
[UPDATE], 75000, 51406.3
[UPDATE], 76000, 56198.09090909091
[UPDATE], 77000, 55123.444444444445
[UPDATE], 78000, 52708.5
[UPDATE], 79000, 51706.0
[UPDATE], 80000, 54177.42857142857
[UPDATE], 81000, 52519.769230769234
[UPDATE], 82000, 55179.71428571428
[UPDATE], 83000, 52557.818181818184
[UPDATE], 84000, 57424.4
[UPDATE], 85000, 51972.57142857143
[UPDATE], 86000, 51746.0
[UPDATE], 87000, 52508.63636363636
[UPDATE], 88000, 52602.0
[UPDATE], 89000, 55270.307692307695
[UPDATE], 90000, 51622.09090909091
[UPDATE], 91000, 51356.692307692305
[UPDATE], 92000, 51302.875
[UPDATE], 93000, 52329.90909090909
[UPDATE], 94000, 51260.142857142855
[UPDATE], 95000, 51270.77777777778
[UPDATE], 96000, 51663.125
[UPDATE], 97000, 55827.181818181816
[UPDATE], 98000, 51762.583333333336
[UPDATE], 99000, 51388.545454545456
[UPDATE], 100000, 52715.0
[UPDATE], 101000, 51571.416666666664
[UPDATE], 102000, 51256.166666666664
[UPDATE], 103000, 51213.0
[UPDATE], 104000, 59613.71428571428
[UPDATE], 105000, 67194.09090909091
[UPDATE], 106000, 51317.0
[UPDATE], 107000, 52153.22222222222
[UPDATE], 108000, 51125.2
[UPDATE], 109000, 52015.333333333336
[UPDATE], 110000, 51140.375
[UPDATE], 111000, 52817.166666666664
[UPDATE], 112000, 51706.09090909091
[UPDATE], 113000, 51087.25
[UPDATE], 114000, 51088.88888888889
[UPDATE], 115000, 51088.4
[UPDATE], 116000, 50810.3
[UPDATE], 117000, 50824.166666666664
[UPDATE], 118000, 51841.25
[UPDATE], 119000, 51537.444444444445
[UPDATE], 120000, 55403.875
[UPDATE], 121000, 55081.0
[UPDATE], 122000, 52929.7
[UPDATE], 123000, 52535.0
[UPDATE], 124000, 53466.25
[UPDATE], 125000, 50976.77777777778
[UPDATE], 126000, 51566.857142857145
[UPDATE], 127000, 52358.307692307695
[UPDATE], 128000, 51079.1
[UPDATE], 129000, 54875.1
[UPDATE], 130000, 51815.63636363636
[UPDATE], 131000, 53187.71428571428
[UPDATE], 132000, 52705.5
[UPDATE], 133000, 51946.9
[UPDATE], 134000, 51325.444444444445
[UPDATE], 135000, 51473.25
[UPDATE], 136000, 51782.0
[UPDATE], 137000, 51401.63636363636
[UPDATE], 138000, 52099.6
[UPDATE], 139000, 51371.0
[UPDATE], 140000, 51158.846153846156
[UPDATE], 141000, 51555.6
[UPDATE], 142000, 53369.53333333333
[UPDATE], 143000, 51964.25
[UPDATE], 144000, 50734.875
[UPDATE], 145000, 51143.0
[UPDATE], 146000, 51985.454545454544
[UPDATE], 147000, 51396.09090909091
[UPDATE], 148000, 56990.375
[UPDATE], 149000, 54406.0
[UPDATE], 150000, 51114.75
[UPDATE], 151000, 53282.857142857145
[UPDATE], 152000, 51303.88888888889
[UPDATE], 153000, 55421.5
[UPDATE], 154000, 55046.5
[UPDATE], 155000, 51272.75
[UPDATE], 156000, 51510.857142857145
[UPDATE], 157000, 52191.90909090909
[UPDATE], 158000, 51869.230769230766
[UPDATE], 159000, 52448.0
[UPDATE], 160000, 51242.666666666664
[UPDATE], 161000, 51274.666666666664
[UPDATE], 162000, 51336.375
[UPDATE], 163000, 57753.57142857143
[UPDATE], 164000, 51389.88888888889
[UPDATE], 165000, 51099.42857142857
[UPDATE], 166000, 51330.692307692305
[UPDATE], 167000, 51274.63636363636
[UPDATE], 168000, 51301.166666666664
[UPDATE], 169000, 51494.7
[UPDATE], 170000, 56273.71428571428
[UPDATE], 171000, 53562.6
[UPDATE], 172000, 53406.77777777778
[UPDATE], 173000, 56244.77777777778
[UPDATE], 174000, 51147.583333333336
[UPDATE], 175000, 51534.0
[UPDATE], 176000, 52081.5
[UPDATE], 177000, 52701.142857142855
[UPDATE], 178000, 51013.818181818184
[UPDATE], 179000, 53700.88888888889
[UPDATE], 180000, 52001.307692307695
[UPDATE], 181000, 51149.0
[UPDATE], 182000, 52512.583333333336
[UPDATE], 183000, 52013.0
[UPDATE], 184000, 51397.444444444445
[UPDATE], 185000, 52473.153846153844
[UPDATE], 186000, 51496.75
[UPDATE], 187000, 52222.71428571428
[UPDATE], 188000, 52233.6
[UPDATE], 189000, 51169.09090909091
[UPDATE], 190000, 51539.11111111111
[UPDATE], 191000, 52146.63636363636
[UPDATE], 192000, 51095.71428571428
[UPDATE], 193000, 51682.666666666664
[UPDATE], 194000, 51512.88888888889
[UPDATE], 195000, 51261.42857142857
[UPDATE], 196000, 52071.0
[UPDATE], 197000, 51274.5
[UPDATE], 198000, 56491.818181818184
[UPDATE], 199000, 51367.0
[UPDATE], 200000, 50990.333333333336
[UPDATE], 201000, 51873.22222222222
[UPDATE], 202000, 56240.8
[UPDATE], 203000, 55451.88888888889
[UPDATE], 204000, 50853.5
[UPDATE], 205000, 51533.75
[UPDATE], 206000, 51656.71428571428
[UPDATE], 207000, 51948.5
[UPDATE], 208000, 54885.5
[UPDATE], 209000, 50966.3
[UPDATE], 210000, 52523.5
[UPDATE], 211000, 52165.9
[UPDATE], 212000, 51544.5
[UPDATE], 213000, 51526.1
[UPDATE], 214000, 51831.22222222222
[UPDATE], 215000, 51417.5
[UPDATE], 216000, 52391.71428571428
[UPDATE], 217000, 52146.555555555555
[UPDATE], 218000, 52977.25
[UPDATE], 219000, 51345.11111111111
[UPDATE], 220000, 52984.230769230766
[UPDATE], 221000, 52494.25
[UPDATE], 222000, 51205.5
[UPDATE], 223000, 51828.125
[UPDATE], 224000, 51126.142857142855
[UPDATE], 225000, 55124.88888888889
[UPDATE], 226000, 53643.4
[UPDATE], 227000, 53073.125
[UPDATE], 228000, 54629.666666666664
[UPDATE], 229000, 52605.88888888889
[UPDATE], 230000, 51595.7
[UPDATE], 231000, 51657.8
[UPDATE], 232000, 51288.666666666664
[UPDATE], 233000, 51777.63636363636
[UPDATE], 234000, 51078.25
[UPDATE], 235000, 51795.818181818184
[UPDATE], 236000, 57102.555555555555
[UPDATE], 237000, 53761.9
[UPDATE], 238000, 52119.333333333336
[UPDATE], 239000, 54410.555555555555
[UPDATE], 240000, 51247.769230769234
[UPDATE], 241000, 53481.555555555555
[UPDATE], 242000, 50845.545454545456
[UPDATE], 243000, 51069.75
[UPDATE], 244000, 51742.5
[UPDATE], 245000, 51799.333333333336
[UPDATE], 246000, 51730.818181818184
[UPDATE], 247000, 51354.153846153844
[UPDATE], 248000, 52585.0
[UPDATE], 249000, 51300.5
[UPDATE], 250000, 51120.71428571428
[UPDATE], 251000, 51005.77777777778
[UPDATE], 252000, 51095.7
[UPDATE], 253000, 51165.09090909091
[UPDATE], 254000, 56130.454545454544
[UPDATE], 255000, 55546.5
[UPDATE], 256000, 52683.8
[UPDATE], 257000, 56604.4
[UPDATE], 258000, 51485.545454545456
[UPDATE], 259000, 53504.333333333336
[UPDATE], 260000, 53941.5
[UPDATE], 261000, 53043.92857142857
[UPDATE], 262000, 51056.5
[UPDATE], 263000, 52321.90909090909
[UPDATE], 264000, 52035.1
[UPDATE], 265000, 52013.625
[UPDATE], 266000, 51770.0
[UPDATE], 267000, 52439.27272727273
[UPDATE], 268000, 54960.333333333336
[UPDATE], 269000, 51716.86666666667
[UPDATE], 270000, 51416.75
[UPDATE], 271000, 51340.6
[UPDATE], 272000, 50917.90909090909
[UPDATE], 273000, 51319.0
[UPDATE], 274000, 51605.454545454544
[UPDATE], 275000, 51756.333333333336
[UPDATE], 276000, 51384.166666666664
[UPDATE], 277000, 51634.0
[UPDATE], 278000, 51145.38461538462
[UPDATE], 279000, 51985.6
[UPDATE], 280000, 52213.0
[UPDATE], 281000, 52220.142857142855
[UPDATE], 282000, 51441.36363636364
[UPDATE], 283000, 51133.125
[UPDATE], 284000, 52920.88888888889
[UPDATE], 285000, 51851.2
[UPDATE], 286000, 53253.333333333336
[UPDATE], 287000, 52439.166666666664
[UPDATE], 288000, 52502.5
[UPDATE], 289000, 52101.5
[UPDATE], 290000, 52379.88888888889
[UPDATE], 291000, 52987.57142857143
[UPDATE], 292000, 51937.2
[UPDATE], 293000, 60922.125
[UPDATE], 294000, 51375.22222222222
[UPDATE], 295000, 52575.8
[UPDATE], 296000, 52068.42857142857
[UPDATE], 297000, 51199.72727272727
[UPDATE], 298000, 50727.416666666664
[UPDATE], 299000, 50980.0
[UPDATE], 300000, 51711.545454545456
[UPDATE], 301000, 50950.875
[UPDATE], 302000, 51076.875
[UPDATE], 303000, 50769.57142857143
[UPDATE], 304000, 51812.833333333336
[UPDATE], 305000, 51165.454545454544
[UPDATE], 306000, 51778.416666666664
[UPDATE], 307000, 51416.09090909091
[UPDATE], 308000, 51551.545454545456
[UPDATE], 309000, 59735.916666666664
[UPDATE], 310000, 51122.88888888889
[UPDATE], 311000, 52114.90909090909
[UPDATE], 312000, 56376.0
[UPDATE], 313000, 64180.36363636364
[UPDATE], 314000, 52856.7
[UPDATE], 315000, 51457.07142857143
[UPDATE], 316000, 51696.28571428572
[UPDATE], 317000, 51685.666666666664
[UPDATE], 318000, 51039.333333333336
[UPDATE], 319000, 51286.9
[UPDATE], 320000, 51592.375
[UPDATE], 321000, 52113.0
[UPDATE], 322000, 51519.181818181816
[UPDATE], 323000, 51375.555555555555
[UPDATE], 324000, 51270.7
[UPDATE], 325000, 51322.11111111111
[UPDATE], 326000, 52424.0
[UPDATE], 327000, 51041.545454545456
[UPDATE], 328000, 51370.61538461538
[UPDATE], 329000, 51130.333333333336
[UPDATE], 330000, 51541.8
[UPDATE], 331000, 54307.333333333336
[UPDATE], 332000, 50949.818181818184
[UPDATE], 333000, 51720.5
[UPDATE], 334000, 50859.333333333336
[UPDATE], 335000, 50886.0
[UPDATE], 336000, 51187.72727272727
[UPDATE], 337000, 51246.0
[UPDATE], 338000, 51388.0
[UPDATE], 339000, 199816.8
[UPDATE], 340000, 153099.0
[UPDATE], 341000, 156057.83333333334
[UPDATE], 342000, 50901.125
[UPDATE], 343000, 51659.57142857143
[UPDATE], 344000, 53971.7
[UPDATE], 345000, 51819.27272727273
[UPDATE], 346000, 52243.5
[UPDATE], 347000, 55078.666666666664
[UPDATE], 348000, 51833.444444444445
[UPDATE], 349000, 51293.6
[UPDATE], 350000, 50871.666666666664
[UPDATE], 351000, 52213.0
[UPDATE], 352000, 57241.0
[UPDATE], 353000, 51006.27272727273
[UPDATE], 354000, 52144.63636363636
[UPDATE], 355000, 51064.9
[UPDATE], 356000, 51086.166666666664
[UPDATE], 357000, 54238.625
[UPDATE], 358000, 51180.0
[UPDATE], 359000, 51559.3
[UPDATE], 360000, 52470.28571428572
[UPDATE], 361000, 51567.666666666664
[UPDATE], 362000, 51419.545454545456
[UPDATE], 363000, 50673.857142857145
[UPDATE], 364000, 55494.88888888889
[UPDATE], 365000, 51296.666666666664
[UPDATE], 366000, 51182.0
[UPDATE], 367000, 51744.0
[UPDATE], 368000, 51197.181818181816
[UPDATE], 369000, 55043.38461538462
[UPDATE], 370000, 51535.166666666664
[UPDATE], 371000, 51902.545454545456
[UPDATE], 372000, 53303.625
[UPDATE], 373000, 51488.78571428572
[UPDATE], 374000, 51100.5
[UPDATE], 375000, 51013.357142857145
[UPDATE], 376000, 72363.0
[UPDATE], 377000, 53973.5
[UPDATE], 378000, 53762.444444444445
[UPDATE], 379000, 54791.0
[UPDATE], 380000, 53178.2
[UPDATE], 381000, 51203.77777777778
[UPDATE], 382000, 51037.0
[UPDATE], 383000, 51394.0
[UPDATE], 384000, 52020.083333333336
[UPDATE], 385000, 51292.07692307692
[UPDATE], 386000, 51428.88888888889
[UPDATE], 387000, 52698.7
[UPDATE], 388000, 51559.9
[UPDATE], 389000, 51230.0
[UPDATE], 390000, 51956.333333333336
[UPDATE], 391000, 51384.2
[UPDATE], 392000, 51567.125
[UPDATE], 393000, 51251.666666666664
[UPDATE], 394000, 53266.7
[UPDATE], 395000, 51167.142857142855
[UPDATE], 396000, 51218.77777777778
[UPDATE], 397000, 50872.666666666664
[UPDATE], 398000, 50912.42857142857
[UPDATE], 399000, 54554.53846153846
[UPDATE], 400000, 50787.22222222222
[UPDATE], 401000, 53555.416666666664
[UPDATE], 402000, 51471.0
[UPDATE], 403000, 54296.769230769234
[UPDATE], 404000, 54726.555555555555
[UPDATE], 405000, 53302.3
[UPDATE], 406000, 56229.857142857145
[UPDATE], 407000, 53236.846153846156
[UPDATE], 408000, 50521.0
[UPDATE], 409000, 62833.11111111111
[UPDATE], 410000, 51295.71428571428
[UPDATE], 411000, 51040.28571428572
[UPDATE], 412000, 51065.82352941176
[UPDATE], 413000, 51173.88888888889
[UPDATE], 414000, 59039.375
[UPDATE], 415000, 62775.42857142857
[UPDATE], 416000, 51155.61538461538
[UPDATE], 417000, 51228.36363636364
[UPDATE], 418000, 55839.53846153846
[UPDATE], 419000, 53039.38461538462
[UPDATE], 420000, 51531.0
[UPDATE], 421000, 57107.454545454544
[UPDATE], 422000, 52043.2
[UPDATE], 423000, 54224.8
[UPDATE], 424000, 51319.6
[UPDATE], 425000, 51166.1
[UPDATE], 426000, 51455.22222222222
[UPDATE], 427000, 50961.22222222222
[UPDATE], 428000, 52659.3
[UPDATE], 429000, 56510.375
[UPDATE], 430000, 51298.0
[UPDATE], 431000, 52528.7
[UPDATE], 432000, 54368.57142857143
[UPDATE], 433000, 51284.36363636364
[UPDATE], 434000, 53254.8
[UPDATE], 435000, 51205.25
[UPDATE], 436000, 53752.09090909091
[UPDATE], 437000, 52040.75
[UPDATE], 438000, 52213.88888888889
[UPDATE], 439000, 52761.4
[UPDATE], 440000, 53366.555555555555
[UPDATE], 441000, 53614.333333333336
[UPDATE], 442000, 51213.642857142855
[UPDATE], 443000, 59009.545454545456
[UPDATE], 444000, 52551.63636363636
[UPDATE], 445000, 54495.22222222222
[UPDATE], 446000, 53351.0
[UPDATE], 447000, 52553.7
[UPDATE], 448000, 51794.53846153846
[UPDATE], 449000, 58495.75
[UPDATE], 450000, 51259.5
[UPDATE], 451000, 55325.454545454544
[UPDATE], 452000, 52830.25
[UPDATE], 453000, 53895.38461538462
[UPDATE], 454000, 51582.545454545456
[UPDATE], 455000, 51113.625
[UPDATE], 456000, 55917.333333333336
[UPDATE], 457000, 51150.555555555555
[UPDATE], 458000, 51220.3
[UPDATE], 459000, 51108.4
[UPDATE], 460000, 52174.555555555555
[UPDATE], 461000, 51594.27272727273
[UPDATE], 462000, 51145.416666666664
[UPDATE], 463000, 52202.71428571428
[UPDATE], 464000, 51161.42857142857
[UPDATE], 465000, 51595.25
[UPDATE], 466000, 52169.77777777778
[UPDATE], 467000, 54078.555555555555
[UPDATE], 468000, 53924.125
[UPDATE], 469000, 52694.1
[UPDATE], 470000, 55805.9
[UPDATE], 471000, 53875.555555555555
[UPDATE], 472000, 51197.444444444445
[UPDATE], 473000, 52992.6
[UPDATE], 474000, 51530.4
[UPDATE], 475000, 51607.71428571428
[UPDATE], 476000, 54800.21428571428
[UPDATE], 477000, 51296.22222222222
[UPDATE], 478000, 51531.666666666664
[UPDATE], 479000, 52192.875
[UPDATE], 480000, 52917.6
[UPDATE], 481000, 52916.2
[UPDATE], 482000, 52086.454545454544
[UPDATE], 483000, 54419.0
[UPDATE], 484000, 53090.8
[UPDATE], 485000, 52924.4
[UPDATE], 486000, 52091.61538461538
[UPDATE], 487000, 52243.75
[UPDATE], 488000, 51615.555555555555
[UPDATE], 489000, 52648.7
[UPDATE], 490000, 52280.166666666664
[UPDATE], 491000, 53500.5
[UPDATE], 492000, 52064.333333333336
[UPDATE], 493000, 51605.72727272727
[UPDATE], 494000, 51941.083333333336
[UPDATE], 495000, 53662.0
[UPDATE], 496000, 51252.0
[UPDATE], 497000, 53346.36363636364
[UPDATE], 498000, 51245.333333333336
[UPDATE], 499000, 51203.11111111111
[UPDATE], 500000, 51353.818181818184
[UPDATE], 501000, 52114.57142857143
[UPDATE], 502000, 51075.833333333336
[UPDATE], 503000, 52174.625
[UPDATE], 504000, 52622.625
[UPDATE], 505000, 51110.2
[UPDATE], 506000, 56509.0
[UPDATE], 507000, 52279.0
[UPDATE], 508000, 51402.25
[UPDATE], 509000, 51624.142857142855
[UPDATE], 510000, 51937.454545454544
[UPDATE], 511000, 52317.083333333336
[UPDATE], 512000, 52025.27272727273
[UPDATE], 513000, 51633.22222222222
[UPDATE], 514000, 52223.36363636364
[UPDATE], 515000, 51281.0
[UPDATE], 516000, 51474.5
[UPDATE], 517000, 52422.444444444445
[UPDATE], 518000, 53088.75
[UPDATE], 519000, 51758.125
[UPDATE], 520000, 52480.833333333336
[UPDATE], 521000, 51969.583333333336
[UPDATE], 522000, 51407.375
[UPDATE], 523000, 51622.92857142857
[UPDATE], 524000, 51212.230769230766
[UPDATE], 525000, 51850.833333333336
[UPDATE], 526000, 51170.8
[UPDATE], 527000, 52206.875
[UPDATE], 528000, 53567.8
[UPDATE], 529000, 51171.666666666664
[UPDATE], 530000, 51327.0
[UPDATE], 531000, 63434.666666666664
[UPDATE], 532000, 51710.625
[UPDATE], 533000, 56372.4
[UPDATE], 534000, 53033.5
[UPDATE], 535000, 51393.6
[UPDATE], 536000, 51838.166666666664
[UPDATE], 537000, 51481.769230769234
[UPDATE], 538000, 51731.833333333336
[UPDATE], 539000, 53142.555555555555
[UPDATE], 540000, 51174.90909090909
[UPDATE], 541000, 51948.92307692308
[UPDATE], 542000, 51618.75
[UPDATE], 543000, 52694.6
[UPDATE], 544000, 53604.28571428572
[UPDATE], 545000, 50509.166666666664
[UPDATE], 546000, 51810.0
[UPDATE], 547000, 51480.22222222222
[UPDATE], 548000, 51025.333333333336
[UPDATE], 549000, 51178.8
[UPDATE], 550000, 50964.333333333336
[UPDATE], 551000, 54079.875
[UPDATE], 552000, 51032.42857142857
[UPDATE], 553000, 55363.27272727273
[UPDATE], 554000, 51471.666666666664
[UPDATE], 555000, 50906.27272727273
[UPDATE], 556000, 51321.6
[UPDATE], 557000, 52278.75
[UPDATE], 558000, 53918.9
[UPDATE], 559000, 53880.444444444445
[UPDATE], 560000, 51074.88888888889
[UPDATE], 561000, 51199.454545454544
[UPDATE], 562000, 51801.27272727273
[UPDATE], 563000, 51484.0
[UPDATE], 564000, 51030.0
[UPDATE], 565000, 51690.71428571428
[UPDATE], 566000, 59418.333333333336
[UPDATE], 567000, 51424.72727272727
[UPDATE], 568000, 56301.333333333336
[UPDATE], 569000, 52042.444444444445
[UPDATE], 570000, 52326.875
[UPDATE], 571000, 50926.125
[UPDATE], 572000, 54078.125
[UPDATE], 573000, 50779.166666666664
[UPDATE], 574000, 52739.875
[UPDATE], 575000, 51522.375
[UPDATE], 576000, 51130.2
[UPDATE], 577000, 51844.25
[UPDATE], 578000, 55800.153846153844
[UPDATE], 579000, 51469.625
[UPDATE], 580000, 51035.9
[UPDATE], 581000, 52505.9
[UPDATE], 582000, 50985.6
[UPDATE], 583000, 50787.61538461538
[UPDATE], 584000, 51917.666666666664
[UPDATE], 585000, 52256.7
[UPDATE], 586000, 51318.333333333336
[UPDATE], 587000, 51911.88888888889
[UPDATE], 588000, 51178.5
[UPDATE], 589000, 53111.166666666664
[UPDATE], 590000, 50805.125
[UPDATE], 591000, 50814.0
[UPDATE], 592000, 57807.444444444445
[UPDATE], 593000, 51319.5
[UPDATE], 594000, 52900.7
[UPDATE], 595000, 51082.07692307692
[UPDATE], 596000, 56770.22222222222
[UPDATE], 597000, 52006.5
[UPDATE], 598000, 50885.625
[UPDATE], 599000, 69874.71428571429
[UPDATE], 600000, 79967.4
[UPDATE], 601000, 82393.83333333333
[UPDATE], 602000, 88885.83333333333
[UPDATE], 603000, 80402.57142857143
[UPDATE], 604000, 58259.0
[UPDATE], 605000, 51315.3
[UPDATE], 606000, 51254.09090909091
[UPDATE], 607000, 51503.75
[UPDATE], 608000, 51109.88888888889
[UPDATE], 609000, 54055.125
[UPDATE], 610000, 51662.3
[UPDATE], 611000, 71369.375
[UPDATE], 612000, 50766.6
[UPDATE], 613000, 51345.27272727273
[UPDATE], 614000, 50906.166666666664
[UPDATE], 615000, 54363.77777777778
[UPDATE], 616000, 55026.11111111111
[UPDATE], 617000, 55981.22222222222
[UPDATE], 618000, 51278.8
[UPDATE], 619000, 51603.142857142855
[UPDATE], 620000, 51438.083333333336
[UPDATE], 621000, 51475.7
[UPDATE], 622000, 51098.42857142857
[UPDATE], 623000, 51450.75
[UPDATE], 624000, 50878.5
[UPDATE], 625000, 51001.22222222222
[UPDATE], 626000, 50922.25
[UPDATE], 627000, 51943.92307692308
[UPDATE], 628000, 52680.28571428572
[UPDATE], 629000, 51178.1
[UPDATE], 630000, 51909.875
[UPDATE], 631000, 50428.0
[UPDATE], 632000, 51245.3
[UPDATE], 633000, 52159.0
[UPDATE], 634000, 50641.8
[UPDATE], 635000, 51407.8
[UPDATE], 636000, 51131.61538461538
[UPDATE], 637000, 51059.0
[UPDATE], 638000, 50804.42857142857
[UPDATE], 639000, 51122.75
[UPDATE], 640000, 52008.769230769234
[UPDATE], 641000, 51041.875
[UPDATE], 642000, 51633.4
[UPDATE], 643000, 50679.0
[UPDATE], 644000, 50850.7
[UPDATE], 645000, 50892.666666666664
[UPDATE], 646000, 51174.0
[UPDATE], 647000, 51514.42857142857
[UPDATE], 648000, 52882.88888888889
[UPDATE], 649000, 51522.42857142857
[UPDATE], 650000, 53755.857142857145
[UPDATE], 651000, 50859.88888888889
[UPDATE], 652000, 52932.375
[UPDATE], 653000, 53575.333333333336
[UPDATE], 654000, 50746.77777777778
[UPDATE], 655000, 52814.444444444445
[UPDATE], 656000, 54367.181818181816
[UPDATE], 657000, 51872.88888888889
[UPDATE], 658000, 51774.5
[UPDATE], 659000, 62710.833333333336
[UPDATE], 660000, 51033.4
[UPDATE], 661000, 52525.666666666664
[UPDATE], 662000, 52086.416666666664
[UPDATE], 663000, 53521.125
[UPDATE], 664000, 51462.153846153844
[UPDATE], 665000, 55193.555555555555
[UPDATE], 666000, 52358.666666666664
[UPDATE], 667000, 52241.333333333336
[UPDATE], 668000, 50963.5
[UPDATE], 669000, 51573.0
[UPDATE], 670000, 52465.875
[UPDATE], 671000, 52906.857142857145
[UPDATE], 672000, 51314.1
[UPDATE], 673000, 50711.3
[UPDATE], 674000, 50862.0
[UPDATE], 675000, 51662.375
[UPDATE], 676000, 51317.5
[UPDATE], 677000, 52733.77777777778
[UPDATE], 678000, 51609.083333333336
[UPDATE], 679000, 51519.5
[UPDATE], 680000, 52409.875
[UPDATE], 681000, 53367.333333333336
[UPDATE], 682000, 51233.0
[UPDATE], 683000, 51825.1
[UPDATE], 684000, 52114.0
[UPDATE], 685000, 53075.083333333336
[UPDATE], 686000, 51262.27272727273
[UPDATE], 687000, 50823.2
[UPDATE], 688000, 51684.36363636364
[UPDATE], 689000, 51303.333333333336
[UPDATE], 690000, 51193.6
[UPDATE], 691000, 50559.583333333336
[UPDATE], 692000, 51162.22222222222
[UPDATE], 693000, 50696.555555555555
[UPDATE], 694000, 51913.125
[UPDATE], 695000, 51510.72727272727
[UPDATE], 696000, 51081.333333333336
[UPDATE], 697000, 51552.22222222222
[UPDATE], 698000, 51826.0
[UPDATE], 699000, 51193.42857142857
[UPDATE], 700000, 50909.625
[UPDATE], 701000, 51787.454545454544
[UPDATE], 702000, 51758.75
[UPDATE], 703000, 50982.4
[UPDATE], 704000, 51896.2
[UPDATE], 705000, 53612.25
[UPDATE], 706000, 50148.181818181816
[UPDATE], 707000, 50614.53333333333
[UPDATE], 708000, 51361.181818181816
[UPDATE], 709000, 51826.4
[UPDATE], 710000, 52170.42857142857
[UPDATE], 711000, 52291.818181818184
[UPDATE], 712000, 50994.444444444445
[UPDATE], 713000, 51061.5
[UPDATE], 714000, 52089.916666666664
[UPDATE], 715000, 50818.0
[UPDATE], 716000, 50459.5
[UPDATE], 717000, 50700.0
[UPDATE], 718000, 51994.181818181816
[UPDATE], 719000, 50765.5
[UPDATE], 720000, 51452.5
[UPDATE], 721000, 50701.875
[UPDATE], 722000, 51866.75
[UPDATE], 723000, 51162.5
[UPDATE], 724000, 50863.75
[UPDATE], 725000, 51552.57142857143
[UPDATE], 726000, 50549.2
[UPDATE], 727000, 51177.38461538462
[UPDATE], 728000, 50536.5
[UPDATE], 729000, 51043.818181818184
[UPDATE], 730000, 51290.92307692308
[UPDATE], 731000, 50851.0
[UPDATE], 732000, 51031.333333333336
[UPDATE], 733000, 51589.88888888889
[UPDATE], 734000, 51230.666666666664
[UPDATE], 735000, 51474.0
[UPDATE], 736000, 50900.5
[UPDATE], 737000, 50648.07692307692
[UPDATE], 738000, 50669.666666666664
[UPDATE], 739000, 53350.846153846156
[UPDATE], 740000, 51755.7
[UPDATE], 741000, 53029.6
[UPDATE], 742000, 51328.642857142855
[UPDATE], 743000, 50837.8
[UPDATE], 744000, 52364.28571428572
[UPDATE], 745000, 50624.875
[UPDATE], 746000, 51352.6
[UPDATE], 747000, 50517.8
[UPDATE], 748000, 51047.9
[UPDATE], 749000, 51110.625
[UPDATE], 750000, 50445.142857142855
[UPDATE], 751000, 69108.0
[UPDATE], 752000, 50896.25
[UPDATE], 753000, 51178.625
[UPDATE], 754000, 51682.5
[UPDATE], 755000, 50486.0
[UPDATE], 756000, 52629.4
[UPDATE], 757000, 52058.0
[UPDATE], 758000, 50570.375
[UPDATE], 759000, 50573.375
[UPDATE], 760000, 51122.7
[UPDATE], 761000, 51936.25
[UPDATE], 762000, 50967.0
[UPDATE], 763000, 51153.63636363636
[UPDATE], 764000, 59183.333333333336
[UPDATE], 765000, 50943.57142857143
[UPDATE], 766000, 50404.25
[UPDATE], 767000, 50488.625
[UPDATE], 768000, 51745.3
[UPDATE], 769000, 51519.0
[UPDATE], 770000, 51491.0
[UPDATE], 771000, 51208.555555555555
[UPDATE], 772000, 51884.63636363636
[UPDATE], 773000, 51606.375
[UPDATE], 774000, 52027.27272727273
[UPDATE], 775000, 55065.77777777778
[UPDATE], 776000, 52105.333333333336
[UPDATE], 777000, 50969.166666666664
[UPDATE], 778000, 53322.8
[UPDATE], 779000, 145770.2
[UPDATE], 780000, 52329.6
[UPDATE], 781000, 55560.818181818184
[UPDATE], 782000, 51212.4
[UPDATE], 783000, 51445.5
[UPDATE], 784000, 52241.0
[UPDATE], 785000, 51649.36363636364
[UPDATE], 786000, 52418.75
[UPDATE], 787000, 50995.28571428572
[UPDATE], 788000, 51828.2
[UPDATE], 789000, 50860.444444444445
[UPDATE], 790000, 51394.555555555555
[UPDATE], 791000, 51394.0
[UPDATE], 792000, 51346.75
[UPDATE], 793000, 51575.0
